name,description
2021年度A1交通事故資料.csv,2021年度A1交通事故資料
2021年度A2交通事故資料_1.csv,2021年度A2交通事故資料_1
2021年度A2交通事故資料_2.csv,2021年度A2交通事故資料_2
2021年度A2交通事故資料_3.csv,2021年度A2交通事故資料_3
2021年度A2交通事故資料_4.csv,2021年度A2交通事故資料_4
2021年度A2交通事故資料_5.csv,2021年度A2交通事故資料_5
2021年度A2交通事故資料_6.csv,2021年度A2交通事故資料_6
2021年度A2交通事故資料_7.csv,2021年度A2交通事故資料_7
2021年度A2交通事故資料_8.csv,2021年度A2交通事故資料_8
2021年度A2交通事故資料_9.csv,2021年度A2交通事故資料_9
2021年度A2交通事故資料_10.csv,2021年度A2交通事故資料_10
2021年度A2交通事故資料_11.csv,2021年度A2交通事故資料_11
2021年度A2交通事故資料_12.csv,2021年度A2交通事故資料_12


